name,lat,lng,subzone,planning_area
10 AM,1.2755676999999999,103.8635914,marina south,marina south
313@Somerset,1.3010128,103.83853994515806,somerset,orchard
Aperia,1.3103008999999999,103.86402965968551,kallang bahru,kallang
Balestier Hill Shopping Centre,1.3259725846277892,103.84285106834628,balestier,novena
Bugis Cube,1.29816245,103.8556382607484,bugis,downtown core
Bugis Junction,1.29981525,103.85592304301399,bugis,downtown core
Bugis+,1.2996673,103.85419039106036,victoria,rochor
Capitol Piazza,1.2930948600952696,103.85117262632453,city hall,downtown core
Cathay Cineleisure Orchard,1.3014468000000001,103.83648065159622,somerset,orchard
Clarke Quay Central,1.2889993,103.8461796,clarke quay,singapore river
The Centrepoint,1.3017099161298302,103.84011573981827,somerset,orchard
City Square Mall,1.3112429,103.8565772183625,lavender,kallang
City Gate Mall,1.3024654203366204,103.86245955331196,crawford,kallang
CityLink Mall,1.2921921,103.8545358331597,city hall,downtown core
Duo,1.2998811000000001,103.85865664589822,bugis,downtown core
Far East Plaza,1.3071428999999999,103.83364047054378,boulevard,orchard
Funan,1.2914803,103.8494204,city hall,downtown core
Great World City,1.29345175,103.83199294351853,robertson quay,singapore river
HDB Hub,1.3319765,103.8485384471402,toa payoh central,toa payoh
Holland Village Shopping Mall,1.3107557896959428,103.79527144370009,holland drive,queenstown
ION Orchard,1.30394785,103.83190513892653,boulevard,orchard
Junction 8,1.3505893,103.84874474726445,bishan east,bishan
Knightsbridge,1.3032346,103.8363240606685,somerset,orchard
Liat Towers,1.3050783000000001,103.83072586520694,boulevard,orchard
Lucky Plaza,1.3046029,103.8339122381902,boulevard,orchard
Marina Bay Sands,1.283972021913083,103.85908503981823,bayfront subzone,downtown core
The Shoppes at Marina Bay Sands,1.2845335264282052,103.85997895331205,bayfront subzone,downtown core
Marina Bay Link Mall,1.2808361,103.85398880484463,central subzone,downtown core
Marina Square,1.2905756000000002,103.8573098,marina centre,downtown core
Millenia Walk,1.292471,103.8596399132467,marina centre,downtown core
Mustafa Shopping Centre,1.3098944238297332,103.85579473981835,lavender,kallang
Ngee Ann City,1.3026170499999998,103.83452841745743,boulevard,orchard
Orchard Central,1.30061435,103.83993222576187,somerset,orchard
Orchard Gateway,1.30063405,103.83894624868027,somerset,orchard
Orchard Plaza,1.3013398,103.8411566949469,somerset,orchard
Midpoint Orchard,1.3017143,103.83863113855568,somerset,orchard
Palais Renaissance,1.3067203,103.82965215,boulevard,orchard
People's Park Centre,1.2858861888250033,103.84408908898182,pearl's hill,outram
People's Park Complex,1.2844092228127408,103.84253764393526,people's park,outram
Plaza Singapura,1.3004414,103.84490279418732,dhoby ghaut,museum
PoMo,1.3004094205130012,103.84916212447656,selegie,rochor
Raffles City,1.2938961000000002,103.85334282751232,city hall,downtown core
Scotts Square,1.30583435,103.83293325375892,boulevard,orchard
Shaw House and Centre,1.3065291720822425,103.83181501098284,boulevard,orchard
Sim Lim Square,1.3030332,103.85302554045288,bencoolen,rochor
Singapore Shopping Centre,1.2983192728569135,103.84411935516009,dhoby ghaut,museum
The South Beach,1.2958764277855197,103.85663240090628,city hall,downtown core
Square 2,1.3206361999999998,103.84418667335356,moulmein,novena
Sunshine Plaza,1.30035265,103.85094729701237,bencoolen,rochor
Suntec City,1.2961931999999998,103.85887059999999,marina centre,downtown core
Tanglin Mall,1.3048201000000001,103.8238677436591,tanglin,orchard
Tanjong Pagar Centre,1.2771333439759671,103.84585055516001,tanjong pagar,downtown core
Tekka Centre,1.30619115,103.85061464590565,farrer park,rochor
The Adelphi,1.2913882951718616,103.85123815516009,city hall,downtown core
The Paragon,1.304113463849257,103.83606722632449,boulevard,orchard
Tiong Bahru Plaza,1.2863599,103.82733303018044,tiong bahru station,bukit merah
The Poiz,1.33161365,103.86836882369656,potong pasir,toa payoh
Thomson Plaza,1.35454475,103.83082063425523,upper thomson,bishan
United Square,1.31725795,103.84360085471238,moulmein,novena
Velocity@Novena Square,1.3197981,103.84404339860016,moulmein,novena
Wheelock Place,1.3046691000000001,103.83060029013323,boulevard,orchard
Wisma Atria,1.30369665,103.83328756379005,boulevard,orchard
Zhongshan Mall,1.32715435,103.8464916956952,balestier,novena
Bedok Mall,1.32481115,103.92925437897793,bedok north,bedok
Century Square,1.35237745,103.94381950026856,tampines east,tampines
Our Tampines Hub,1.3533224158861223,103.94039338399547,tampines west,tampines
Changi City Point,1.334113,103.9627137138492,xilin,tampines
Downtown East,1.3773722,103.95464799890136,pasir ris park,pasir ris
Djitsun Mall Bedok,1.3260744,103.92957539091324,bedok north,bedok
Eastpoint Mall,1.3424679,103.9528535,simei,tampines
Jewel Changi Airport,1.36022425,103.98967490995527,changi airport,changi
KINEX,1.31476385,103.894706957721,geylang east,geylang
Katong Shopping Centre,1.30387795,103.90117314217406,katong,marine parade
Katong Square,1.30470365,103.90480078131986,marine parade,marine parade
Kallang Wave Mall,1.3035107,103.87279165366071,tanjong rhu,kallang
Leisure Park Kallang,1.3022347,103.87655441740488,tanjong rhu,kallang
i12 Katong,1.3052327,103.90505238485224,marine parade,marine parade
Parkway Parade,1.30137335,103.90517777316566,marine parade,marine parade
Paya Lebar Square,1.31862245,103.89263484259172,geylang east,geylang
Paya Lebar Quarter,1.3177643719752286,103.89281442859355,geylang east,geylang
Roxy Square,1.30334185,103.90464588440835,marine parade,marine parade
Singpost Centre,1.3191496968754088,103.89405972632457,geylang east,geylang
Tampines 1,1.35422,103.94512469625587,tampines east,tampines
Tampines Mall,1.35254345,103.9447382628525,tampines east,tampines
White Sands,1.3723843999999998,103.94972056510376,pasir ris central,pasir ris
City Plaza,1.3147175,103.89341430734517,geylang east,geylang
Elias Mall,1.37855525,103.94201335265566,pasir ris west,pasir ris
Loyang Point,1.36696475,103.9646487353097,pasir ris drive,pasir ris
888 Plaza,1.4378098499999998,103.79531608979214,midview,woodlands
Admiralty Place,1.4402411,103.80128229613848,woodlands east,woodlands
AMK Hub,1.36943465,103.84833397934707,ang mo kio town centre,ang mo kio
Canberra Plaza,1.4431568,103.83061799599449,sembawang east,sembawang
Causeway Point,1.43610095,103.78609485029942,woodlands regional centre,woodlands
Woodlands Civic Centre,1.4351090829029625,103.78673708214755,woodlands regional centre,woodlands
Broadway Plaza,1.37193525,103.84595975,ang mo kio town centre,ang mo kio
Djitsun Mall,1.3728336,103.8476584058604,ang mo kio town centre,ang mo kio
Jubilee Square,1.37178005,103.8477747,ang mo kio town centre,ang mo kio
Junction 8,1.3505893,103.84874474726445,bishan east,bishan
Marsiling Mall,1.4334767,103.77990293003096,woodlands west,woodlands
Northpoint City,1.4282062,103.83626400464054,yishun central,yishun
Sembawang Shopping Centre,1.4417425499999998,103.82487530981949,sembawang springs,sembawang
Sun Plaza,1.44815185,103.81950288998594,sembawang central,sembawang
Vista Point,1.4315537076926357,103.7938525207807,woodlands south,woodlands
Wisteria Mall,1.4182428999999999,103.84125285093924,yishun south,yishun
Woodlands Mart,1.4461883598406944,103.79793196865386,woodlands east,woodlands
Woodlands North Plaza,1.4428497313356674,103.79075475516018,midview,woodlands
Waterway Point,1.4066031,103.9020707368327,punggol town centre,punggol
Compass One,1.3920336999999998,103.89495266211112,sengkang town centre,sengkang
Hougang Mall,1.3725735,103.89378785746996,hougang central,hougang
Heartland Mall,1.3594916499999998,103.88521771853723,lorong ah soo,hougang
NEX,1.35045035,103.87224493295808,serangoon central,serangoon
Buangkok Square,1.38431285,103.88218755,trafalgar,hougang
Greenwich V,1.38750095,103.86939420537256,seletar hills,serangoon
Hougang 1,1.3757190499999998,103.87949145438348,trafalgar,hougang
Hougang Green Shopping Mall,1.3791215,103.88784192974084,trafalgar,hougang
Hougang Rivercourt,1.3628382892327269,103.89442241283086,kangkar,hougang
myVillage At Serangoon Garden,1.3652844148147685,103.8652504128309,serangoon garden,serangoon
Northshore Plaza,1.4178539822363616,103.9011998705018,northshore,punggol
Oasis Terraces,1.4026169882778177,103.91321292632463,waterway east,punggol
Punggol Plaza,1.39425115,103.91283460602591,punggol field,punggol
Rivervale Mall,1.39224515,103.9043778208493,rivervale,sengkang
Rivervale Plaza,1.3852212499999998,103.90164076610806,rivervale,sengkang
The Seletar Mall,1.3916816840575392,103.87613704166642,fernvale,sengkang
Upper Serangoon Shopping Centre,1.3536587,103.878822774012,lorong ah soo,hougang
Beauty World Centre,1.3423624,103.77648548347662,anak bukit,bukit timah
Beauty World Plaza,1.3419116000000002,103.77617326983568,anak bukit,bukit timah
Bukit Panjang Plaza,1.37865495,103.76209079817468,jelebu,bukit panjang
Bukit Timah Plaza,1.3384958999999998,103.77851115424271,anak bukit,bukit timah
Fajar Shopping Centre,1.3835484500000002,103.77101009780624,fajar,bukit panjang
Greenridge Shopping Centre,1.38533355,103.76617443308619,saujana,bukit panjang
Hillion Mall,1.37850815,103.76332120454073,jelebu,bukit panjang
HillV2,1.3634085,103.76438060148126,hillview,bukit batok
Junction 10,1.3803675000000002,103.76016739821614,teck whye,choa chu kang
Keat Hong Shopping Centre,1.37733185,103.74441652306051,keat hong,choa chu kang
Limbang Shopping Centre,1.3919423,103.74330514156574,choa chu kang north,choa chu kang
Lot One,1.38505675,103.74502766225241,choa chu kang central,choa chu kang
Rail Mall,1.3601778,103.76754491186723,nature reserve,bukit panjang
Sunshine Place,1.3777694500000002,103.73864915711646,peng siang,choa chu kang
Teck Whye Shopping Centre,1.3814377191029037,103.7523502839955,teck whye,choa chu kang
West Mall,1.3500765,103.74925662743149,bukit batok central,bukit batok
Yew Tee Point,1.39695775,103.74661216600052,yew tee,choa chu kang
Yew Tee Square,1.3982858,103.74700820164291,yew tee,choa chu kang
VivoCity,1.26437065,103.82295373341057,maritime square,bukit merah
HarbourFront Centre,1.2645726982412755,103.82005124208727,maritime square,bukit merah
Alexandra Retail Centre,1.2738926000000002,103.80145637841032,pasir panjang 2,queenstown
321 Clementi,1.31198275,103.76502015073059,clementi central,clementi
The Clementi Mall,1.314811,103.764657,clementi central,clementi
IMM,1.334611,103.74674944042104,toh guan,jurong east
JCube,1.33324885,103.74016949765759,jurong gateway,jurong east
Jem,1.3332962,103.74339115077903,jurong gateway,jurong east
Westgate,1.334194,103.74286707502577,jurong gateway,jurong east
Jurong Point,1.33949635,103.70525400991905,jurong west central,jurong west
Pioneer Mall,1.34169785,103.69716062421308,jurong west central,jurong west
The Star Vista,1.3068312,103.78842676612958,one north,queenstown
Alexandra Central,1.2873523999999998,103.80525719004733,alexandra hill,bukit merah
Anchorpoint,1.2886745000000002,103.80509515066991,mei chin,queenstown
OD Mall,1.338233643134686,103.79346325516008,swiss club,bukit timah
Boon Lay Shopping Centre,1.34633675,103.71276135737722,boon lay place,jurong west
Grantral Mall,1.3142938999999998,103.7651345,clementi central,clementi
Fairprice Hub,1.32553245,103.6784394466132,joo koon,pioneer
Gek Poh Shopping Centre,1.349176,103.69751948374521,yunnan,jurong west
Rochester Mall,1.30565775,103.78808375779349,one north,queenstown
Taman Jurong Shopping Centre,1.33478625,103.72010845018316,taman jurong,jurong west
West Coast Plaza,1.30363585,103.76603396370399,clementi woods,clementi
Queensway Shopping Centre,1.28750595,103.8035434807163,queensway,queenstown
